-14.242155075073242	-19.611356735229492	-16.773544311523438	-13.610443115234375	-13.80403995513916	-11.445804595947266	-26.390222549438477	-0.0034284591674804688	-6.584603309631348	-6.2010908126831055	1.0
-17.88639259338379	-14.75347900390625	-13.84882926940918	-7.617693901062012	-3.6302592754364014	-0.060624122619628906	-4.8086395263671875	-14.86219310760498	-3.7474215030670166	-9.398327827453613	1.0
-22.718408584594727	-22.131576538085938	-25.096912384033203	-28.441455841064453	-3.814697265625e-06	-25.339622497558594	-12.76962947845459	-20.667268753051758	-14.429964065551758	-19.833736419677734	1.0
-27.11392593383789	-26.335472106933594	-21.348543167114258	-18.81303596496582	-26.807580947875977	-26.294937133789062	-31.327560424804688	-24.28086280822754	0.0	-18.512828826904297	1.0
-4.934632301330566	-0.027649879455566406	-6.522228240966797	-10.477083206176758	-9.0776948928833	-13.531806945800781	-9.844881057739258	-12.507594108581543	-3.9953668117523193	-11.936723709106445	1.0
-32.74740219116211	-26.88993263244629	-32.295166015625	-34.305030822753906	0.0	-25.025524139404297	-25.61655044555664	-24.475297927856445	-15.480779647827148	-19.578075408935547	1.0
-19.722274780273438	-17.3099422454834	-16.792404174804688	-0.00016689300537109375	-22.412500381469727	-13.217342376708984	-28.390296936035156	-16.21477699279785	-13.082106590270996	-8.724889755249023	1.0
-0.00342559814453125	-17.463613510131836	-13.467792510986328	-15.487321853637695	-22.680423736572266	-11.576595306396484	-5.760552406311035	-16.584692001342773	-8.267141342163086	-13.085665702819824	1.0
-22.511180877685547	-19.978872299194336	-14.061195373535156	-15.124430656433105	-24.27248191833496	-22.73809242248535	-36.02253723144531	-1.9073486328125e-06	-17.4186954498291	-17.8837947845459	1.0
-22.651458740234375	-21.25478172302246	-21.492643356323242	-0.0023660659790039062	-21.8124942779541	-6.766278266906738	-28.819061279296875	-22.76990509033203	-7.151617050170898	-7.757418632507324	1.0
-28.30083656311035	-17.092140197753906	-2.6702880859375e-05	-11.03420639038086	-22.140844345092773	-29.67751693725586	-25.77300453186035	-22.87957191467285	-11.433761596679688	-19.85476303100586	1.0
-15.087307929992676	-8.644725799560547	-12.792595863342285	-12.268508911132812	-3.912961959838867	-9.679245948791504	-20.569684982299805	-0.020671844482421875	-12.356705665588379	-8.385512351989746	1.0
-20.010549545288086	-21.06879425048828	-20.705585479736328	-19.719030380249023	-21.1475887298584	-8.268562316894531	-14.106363296508789	-19.794269561767578	-0.0002574920654296875	-17.07962989807129	1.0
-34.11161422729492	-27.32411766052246	-25.475830078125	0.0	-32.587974548339844	-14.461076736450195	-35.48285675048828	-23.324466705322266	-16.427677154541016	-18.871944427490234	1.0
-23.779436111450195	-30.613012313842773	-23.45353126525879	-20.67957305908203	-24.48257064819336	-21.22188949584961	-28.448871612548828	-22.950361251831055	0.0	-19.83548927307129	1.0
-23.262378692626953	-15.051589012145996	-15.065638542175293	-0.004063606262207031	-15.964420318603516	-6.890109062194824	-20.867725372314453	-12.75549602508545	-6.711148262023926	-6.310785293579102	1.0
-34.029685974121094	-26.120086669921875	-20.064552307128906	-1.71661376953125e-05	-25.569822311401367	-17.428558349609375	-31.169099807739258	-20.141061782836914	-10.928898811340332	-17.73999786376953	1.0
-27.219322204589844	-10.254403114318848	-5.340576171875e-05	-11.542179107666016	-19.34726333618164	-29.05843162536621	-21.82988739013672	-22.11478042602539	-11.638593673706055	-22.04501724243164	1.0
-14.379646301269531	-14.433334350585938	-15.11469841003418	-13.176979064941406	-16.330886840820312	-17.550586700439453	-23.999553680419922	-1.71661376953125e-05	-12.303560256958008	-11.594778060913086	1.0
-32.366607666015625	-28.35875701904297	-26.72647476196289	0.0	-37.78367233276367	-21.876220703125	-37.03862380981445	-26.98109245300293	-15.020146369934082	-17.677988052368164	1.0
-28.307567596435547	-33.909053802490234	-34.68910217285156	-19.446224212646484	-25.110116958618164	-1.9073486328125e-06	-26.981664657592773	-27.3236083984375	-15.78620433807373	-13.872171401977539	1.0
-25.78923797607422	-17.281635284423828	-20.307096481323242	-23.631450653076172	-5.14984130859375e-05	-20.022233963012695	-24.3809757232666	-15.091256141662598	-14.840682029724121	-9.892438888549805	1.0
-24.053726196289062	-26.772022247314453	-16.328371047973633	-19.179893493652344	-28.031484603881836	-26.331382751464844	-25.835163116455078	-25.051830291748047	0.0	-21.198373794555664	1.0
-15.439254760742188	-8.58306884765625e-06	-13.669000625610352	-23.13685417175293	-13.189590454101562	-22.284069061279297	-18.120361328125	-16.053829193115234	-12.179960250854492	-19.51749038696289	1.0
-34.95105743408203	-26.37586212158203	-26.462648391723633	-33.273094177246094	0.0	-26.970375061035156	-26.65958595275879	-24.231096267700195	-18.64633560180664	-24.58737564086914	1.0
-20.315589904785156	-19.198200225830078	-22.278104782104492	-6.803118705749512	-27.113950729370117	-0.0016002655029296875	-22.157268524169922	-19.075416564941406	-11.162696838378906	-7.654296398162842	1.0
-18.966880798339844	-21.967498779296875	-21.937828063964844	-17.635757446289062	-10.34156322479248	-0.003566741943359375	-5.697644233703613	-21.036800384521484	-8.728195190429688	-11.27704906463623	1.0
-14.956354141235352	-18.406925201416016	-10.51132869720459	-9.02203369140625	-23.975812911987305	-0.4686450958251953	-12.179215431213379	-18.578941345214844	-0.9835128784179688	-13.195539474487305	1.0
-18.226640701293945	-21.31915855407715	-22.30154800415039	-24.562253952026367	-11.152936935424805	-19.057283401489258	-1.33514404296875e-05	-34.748451232910156	-20.05274772644043	-21.850133895874023	1.0
0.0	-26.1002197265625	-18.2624568939209	-27.05384063720703	-30.6009521484375	-24.864957809448242	-17.633228302001953	-25.57594871520996	-18.432903289794922	-20.595558166503906	1.0
-30.027868270874023	-33.404808044433594	-26.503877639770508	-17.758148193359375	-13.659258842468262	-13.858656883239746	-35.79424285888672	-19.757448196411133	-11.893099784851074	-9.5367431640625e-06	1.0
-24.599756240844727	-24.724939346313477	-20.67566680908203	-13.50350570678711	-11.339759826660156	-19.540081024169922	-28.245559692382812	-14.372003555297852	-11.648077011108398	-2.288818359375e-05	1.0
-24.521900177001953	-21.77008819580078	-18.52655029296875	-12.93996524810791	-7.784659385681152	-8.041176795959473	-28.278074264526367	-13.546564102172852	-12.500020980834961	-0.0007457733154296875	1.0
-18.674720764160156	-0.00038909912109375	-7.8623247146606445	-27.246551513671875	-14.762231826782227	-25.048099517822266	-17.19962501525879	-20.57439422607422	-12.552971839904785	-21.11290740966797	1.0
-12.801560401916504	-9.373661994934082	-16.396800994873047	-14.805472373962402	-19.112092971801758	-14.837568283081055	-5.510771751403809	-17.750293731689453	-0.004139900207519531	-23.620330810546875	1.0
-9.015164375305176	-10.233797073364258	-11.043354034423828	-13.934635162353516	-0.16631698608398438	-10.710766792297363	-1.877187728881836	-18.487695693969727	-13.198959350585938	-12.45849323272705	1.0
-17.94906234741211	-0.0012493133544921875	-15.730341911315918	-14.439661979675293	-6.812566757202148	-16.03569221496582	-14.13546085357666	-12.234375	-10.656105041503906	-9.03841781616211	1.0
-32.49387741088867	-24.604055404663086	-25.516860961914062	0.0	-31.300291061401367	-20.589773178100586	-34.123477935791016	-26.390865325927734	-22.762720108032227	-22.511791229248047	1.0
-13.394075393676758	-15.363027572631836	-23.158647537231445	-11.726813316345215	-14.044862747192383	-0.06276988983154297	-2.856492042541504	-20.47731590270996	-5.6961565017700195	-13.551487922668457	1.0
-18.137760162353516	-20.924888610839844	-14.042343139648438	-14.183845520019531	-17.911237716674805	-16.94350814819336	-20.827674865722656	-17.90039825439453	-4.76837158203125e-06	-12.583295822143555	1.0
-15.440481185913086	-7.495477676391602	-0.08423042297363281	-2.681926727294922	-14.136903762817383	-19.407135009765625	-15.474444389343262	-15.332444190979004	-4.441104888916016	-11.517324447631836	1.0
-19.67758560180664	-26.6639347076416	-20.432870864868164	-16.883760452270508	-28.51405143737793	-18.258663177490234	-17.34224510192871	-29.50684928894043	0.0	-19.087303161621094	1.0
-0.00011444091796875	-15.591489791870117	-11.376874923706055	-18.720836639404297	-14.671761512756348	-18.602123260498047	-9.910943031311035	-21.30145263671875	-9.953999519348145	-12.117339134216309	1.0
-23.903339385986328	-26.171283721923828	-23.269512176513672	-11.836441993713379	-11.496458053588867	-17.707447052001953	-28.997207641601562	-14.310595512390137	-9.21839714050293	-0.00011730194091796875	1.0
-26.348514556884766	-19.54741859436035	-20.23159408569336	-0.00032901763916015625	-23.459896087646484	-8.06179428100586	-25.22099494934082	-21.460330963134766	-11.206987380981445	-18.09612464904785	1.0
-19.322019577026367	-17.669090270996094	-22.528533935546875	-27.119949340820312	0.0	-24.348648071289062	-15.38845157623291	-23.16747283935547	-18.21927261352539	-15.828807830810547	1.0
-29.425960540771484	-26.689550399780273	-28.407024383544922	-27.606718063354492	-1.1444091796875e-05	-28.031505584716797	-23.746631622314453	-22.207643508911133	-11.408584594726562	-17.02297019958496	1.0
-26.311098098754883	-25.70332908630371	-24.775136947631836	-27.18981170654297	0.0	-27.255733489990234	-22.252769470214844	-26.191082000732422	-16.26459503173828	-17.16111946105957	1.0
-33.23456573486328	-33.09650421142578	-39.00981140136719	-21.415754318237305	-33.056495666503906	0.0	-24.065608978271484	-33.738624572753906	-20.092144012451172	-17.914085388183594	1.0
-20.267200469970703	-9.5367431640625e-07	-15.881988525390625	-25.234386444091797	-14.322586059570312	-26.751529693603516	-22.896987915039062	-16.925989151000977	-17.511146545410156	-22.057676315307617	1.0
0.0	-19.726558685302734	-18.568710327148438	-25.070310592651367	-26.747161865234375	-26.362079620361328	-14.148750305175781	-26.560810089111328	-20.92919921875	-17.275705337524414	1.0
-16.755800247192383	-0.0022335052490234375	-12.902420043945312	-13.358278274536133	-8.615026473999023	-12.922012329101562	-14.619324684143066	-9.423845291137695	-6.263054847717285	-9.783638954162598	1.0
-14.05809211730957	-2.819145917892456	-5.695822715759277	-4.764957427978516	-12.945533752441406	-17.96820831298828	-16.398361206054688	-0.08026361465454102	-5.258780479431152	-7.870277404785156	1.0
-15.06384563446045	-12.77061939239502	-14.936993598937988	-13.788494110107422	-0.0003871917724609375	-13.491488456726074	-9.946856498718262	-12.761917114257812	-8.20215129852295	-9.778707504272461	1.0
-10.48534870147705	-21.657123565673828	-15.666259765625	-13.22341537475586	-21.444429397583008	-11.325967788696289	-6.93222188949585	-21.67772674560547	-0.001018524169921875	-14.860162734985352	1.0
-29.50990104675293	-31.281705856323242	-31.174646377563477	-14.127832412719727	-23.899795532226562	-1.9073486328125e-06	-20.979127883911133	-29.013599395751953	-13.325357437133789	-14.823951721191406	1.0
-18.7814884185791	-22.42679214477539	-15.080799102783203	-11.983098983764648	-11.923697471618652	-12.094622611999512	-28.02157211303711	-9.079970359802246	-10.045438766479492	-0.00017642974853515625	1.0
-16.30138397216797	-21.395864486694336	-22.566802978515625	-26.331968307495117	-16.265884399414062	-17.525005340576172	0.0	-31.212078094482422	-16.929702758789062	-23.933134078979492	1.0
-19.635339736938477	-21.027767181396484	-4.9591064453125e-05	-13.890268325805664	-26.638782501220703	-26.223466873168945	-27.90861701965332	-20.47227668762207	-9.922577857971191	-20.646568298339844	1.0
-18.583484649658203	-17.859487533569336	-10.327651023864746	-13.680105209350586	-19.348308563232422	-19.093555450439453	-30.004146575927734	-3.528594970703125e-05	-15.915877342224121	-13.680971145629883	1.0
-0.00027370452880859375	-19.16191291809082	-16.293567657470703	-17.374954223632812	-19.49678611755371	-15.954143524169922	-8.321707725524902	-17.593172073364258	-10.415639877319336	-14.546204566955566	1.0
-24.948081970214844	-20.058284759521484	-24.28961944580078	-25.021236419677734	-3.814697265625e-06	-22.01368522644043	-18.41080665588379	-18.17655372619629	-12.340579986572266	-15.796146392822266	1.0
-17.860273361206055	-12.748116493225098	-8.678436279296875e-05	-14.519222259521484	-20.511911392211914	-20.843828201293945	-16.975008010864258	-10.13691520690918	-10.028385162353516	-24.93045425415039	1.0
-24.46454620361328	-23.619789123535156	-22.65272331237793	-17.015562057495117	-21.5830135345459	-16.835494995117188	-23.20538902282715	-25.359399795532227	0.0	-17.922832489013672	1.0
-31.0128231048584	-30.36309051513672	-21.62301254272461	-14.774513244628906	-27.92925453186035	-24.369373321533203	-28.168094635009766	-27.36859703063965	0.0	-19.2831974029541	1.0
-20.289306640625	-21.1805419921875	-18.036758422851562	-13.758319854736328	-11.306242942810059	-13.677390098571777	-23.527332305908203	-13.182884216308594	-9.491508483886719	-9.1552734375e-05	1.0
-0.00038051605224609375	-14.38628101348877	-10.970051765441895	-17.711397171020508	-15.61640739440918	-20.16525650024414	-8.208145141601562	-21.545822143554688	-13.875754356384277	-9.322155952453613	1.0
-20.054105758666992	-17.15297508239746	-18.561511993408203	-0.004628181457519531	-15.396245002746582	-5.385288238525391	-15.432172775268555	-20.405874252319336	-10.393156051635742	-12.68165111541748	1.0
-19.963481903076172	-15.423519134521484	-9.5367431640625e-07	-14.95695972442627	-14.19324779510498	-21.55521011352539	-20.671653747558594	-21.437715530395508	-17.533363342285156	-24.588966369628906	1.0
-16.15149688720703	-14.574651718139648	-15.308009147644043	-12.571890830993652	-17.030424118041992	-17.21759796142578	-24.940391540527344	-6.67572021484375e-06	-13.24697494506836	-15.039243698120117	1.0
-25.232913970947266	-21.045276641845703	-24.65503692626953	-20.80258560180664	-4.306760787963867	-15.92335319519043	-30.468765258789062	-16.272804260253906	-14.417133331298828	-0.013569831848144531	1.0
-18.49936866760254	-7.62939453125e-06	-20.488502502441406	-25.11838150024414	-15.449834823608398	-18.720834732055664	-14.390466690063477	-13.814339637756348	-12.067511558532715	-18.5428466796875	1.0
-32.43034362792969	-32.342437744140625	-33.72450256347656	-14.970494270324707	-27.996585845947266	-1.9073486328125e-06	-26.651288986206055	-32.22751235961914	-17.337688446044922	-13.85780143737793	1.0
-37.643821716308594	-26.831262588500977	-33.25774002075195	-34.67356872558594	0.0	-28.169296264648438	-30.797340393066406	-28.71848487854004	-22.665517807006836	-22.065156936645508	1.0
-14.137466430664062	-18.193235397338867	-16.585601806640625	-23.32421112060547	-4.566210746765137	-16.945659637451172	-0.010453224182128906	-24.12531089782715	-15.233734130859375	-20.729507446289062	1.0
-35.52742004394531	-28.076570510864258	-31.65007972717285	0.0	-40.42938232421875	-24.282459259033203	-42.091773986816406	-28.38353729248047	-21.325843811035156	-20.151119232177734	1.0
-17.05086898803711	-2.002716064453125e-05	-16.048065185546875	-16.680009841918945	-12.718096733093262	-17.020084381103516	-15.477190017700195	-12.689179420471191	-11.222360610961914	-16.61284637451172	1.0
-15.762067794799805	-25.126195907592773	-24.95880699157715	-23.617401123046875	-9.627885818481445	-18.97673225402832	-6.67572021484375e-05	-30.4410343170166	-20.82272720336914	-22.690961837768555	1.0
0.0	-23.288122177124023	-18.56574821472168	-29.24296760559082	-24.907554626464844	-26.989337921142578	-14.453047752380371	-24.080055236816406	-20.06887435913086	-18.779502868652344	1.0
-15.904977798461914	-2.765655517578125e-05	-12.939842224121094	-17.913721084594727	-12.458233833312988	-18.741498947143555	-18.489864349365234	-11.24901294708252	-11.68525505065918	-15.80246353149414	1.0
-34.649139404296875	-25.065174102783203	-28.90310287475586	-34.634613037109375	0.0	-26.03976058959961	-28.14833641052246	-22.748437881469727	-14.127105712890625	-19.47399139404297	1.0
-0.0007076263427734375	-15.186140060424805	-13.369499206542969	-20.852874755859375	-23.073366165161133	-18.390907287597656	-7.270279884338379	-18.349048614501953	-12.489776611328125	-12.061883926391602	1.0
-18.017244338989258	-0.00168609619140625	-16.208240509033203	-15.437646865844727	-6.421661376953125	-15.744684219360352	-13.128702163696289	-11.564587593078613	-10.131979942321777	-11.866141319274902	1.0
-22.602907180786133	-23.595748901367188	-19.973432540893555	-18.623363494873047	-27.149168014526367	-23.316810607910156	-25.373188018798828	-20.821386337280273	0.0	-20.02873420715332	1.0
-17.508333206176758	-20.06391143798828	-0.00016021728515625	-18.084383010864258	-37.896942138671875	-35.81773376464844	-25.721271514892578	-23.04219627380371	-8.743904113769531	-21.567241668701172	1.0
-15.53486442565918	-15.9991455078125	-0.04061603546142578	-3.275546073913574	-26.53826904296875	-21.503437042236328	-23.253307342529297	-10.586897850036621	-6.224605083465576	-16.166675567626953	1.0
-19.71826171875	-9.109864234924316	-0.0034379959106445312	-8.816513061523438	-20.59063148498535	-25.541118621826172	-19.240785598754883	-15.723943710327148	-5.753113746643066	-16.58094024658203	1.0
-27.41995620727539	-27.602487564086914	-32.18912887573242	-17.081239700317383	-21.29425048828125	-1.9073486328125e-06	-17.969606399536133	-29.886695861816406	-12.991897583007812	-15.658519744873047	1.0
-18.730575561523438	-16.532957077026367	-17.81275749206543	-16.19696044921875	-22.319477081298828	-18.364755630493164	-20.83858299255371	-19.614044189453125	0.0	-18.31492042541504	1.0
-15.951722145080566	-0.00013256072998046875	-16.540220260620117	-18.583209991455078	-12.825235366821289	-15.326946258544922	-9.847283363342285	-16.780460357666016	-9.485374450683594	-15.723028182983398	1.0
-14.66323184967041	-7.05718994140625e-05	-11.773505210876465	-15.16431999206543	-11.151841163635254	-16.696632385253906	-18.029935836791992	-10.453176498413086	-10.908167839050293	-14.911064147949219	1.0
-0.00042057037353515625	-21.5885066986084	-17.876821517944336	-22.80239486694336	-27.49421501159668	-17.735456466674805	-7.774011135101318	-22.58349609375	-15.015435218811035	-18.279788970947266	1.0
-25.438859939575195	-22.469802856445312	0.0	-20.579872131347656	-25.220260620117188	-36.76245880126953	-30.136699676513672	-21.177051544189453	-21.0107364654541	-32.3536376953125	1.0
-8.376608848571777	-13.729166030883789	-10.348346710205078	-5.744958400726318	-14.840744018554688	-6.532063007354736	-22.146732330322266	-0.050189971923828125	-9.753268241882324	-3.1241397857666016	1.0
-14.73408317565918	-9.742349624633789	-11.983643531799316	-12.161758422851562	-15.159699440002441	-18.683475494384766	-25.260459899902344	-7.152557373046875e-05	-15.799516677856445	-15.187836647033691	1.0
-2.3182373046875	-17.3798885345459	-13.725509643554688	-10.115336418151855	-5.64910888671875	-4.301429748535156	-5.607760429382324	-10.90330696105957	-2.4575414657592773	-0.22927618026733398	1.0
-28.205764770507812	-30.656225204467773	-34.18293762207031	-17.931396484375	-28.393827438354492	0.0	-23.898181915283203	-28.636302947998047	-18.162723541259766	-19.896305084228516	1.0
-27.675861358642578	-28.379497528076172	-24.91836929321289	-12.903255462646484	-26.821529388427734	-0.00154876708984375	-15.346541404724121	-21.296279907226562	-6.4727783203125	-16.224891662597656	1.0
-28.591068267822266	-16.394691467285156	-1.9073486328125e-06	-16.177892684936523	-22.229202270507812	-33.5272102355957	-24.072677612304688	-28.394365310668945	-12.91961669921875	-20.50978660583496	1.0
-16.172191619873047	-1.33514404296875e-05	-15.59373950958252	-18.442934036254883	-11.490777969360352	-16.93326759338379	-15.395496368408203	-13.509115219116211	-13.280410766601562	-16.685422897338867	1.0
-24.930631637573242	-21.291385650634766	-20.010372161865234	-14.779902458190918	-7.244532585144043	-17.943634033203125	-28.364219665527344	-15.533613204956055	-8.819186210632324	-0.0008630752563476562	1.0
-22.738086700439453	-17.00655746459961	-0.03663063049316406	-9.316336631774902	-15.87730598449707	-23.971895217895508	-19.989015579223633	-19.948034286499023	-3.327669143676758	-13.818604469299316	1.0
-26.944969177246094	-18.17051887512207	-13.581497192382812	-8.448980331420898	-18.26693344116211	-25.632434844970703	-25.345794677734375	-0.00022602081298828125	-11.487529754638672	-18.83654022216797	1.0
-15.723771095275879	-21.90106964111328	-21.26605796813965	-9.067129135131836	-22.817975997924805	-0.000591278076171875	-18.642925262451172	-17.060649871826172	-7.654066562652588	-13.505200386047363	1.0
-13.637136459350586	-16.211429595947266	-8.91604232788086	-9.601547241210938	-16.209360122680664	-23.085433959960938	-20.15135383605957	-14.72998332977295	-13.504998207092285	-0.00020503997802734375	1.0
-18.60778045654297	-19.149311065673828	0.0	-15.908891677856445	-34.93656539916992	-32.583106994628906	-33.57365036010742	-19.152023315429688	-16.990665435791016	-25.155059814453125	1.0
-17.321199417114258	-23.41687774658203	-22.858720779418945	-21.73175621032715	-18.524463653564453	-9.612140655517578	-0.0008831024169921875	-28.83381462097168	-7.111513137817383	-18.804725646972656	1.0
-20.572431564331055	-16.686267852783203	-15.275960922241211	-12.412433624267578	-6.0879926681518555	-14.795825958251953	-24.944293975830078	-12.762984275817871	-9.527369499206543	-0.0023527145385742188	1.0
-11.333247184753418	-18.22345733642578	-18.243980407714844	-10.160508155822754	-8.278128623962402	-0.006743431091308594	-5.5644450187683105	-14.017048835754395	-5.959935665130615	-12.67349624633789	1.0
-24.602890014648438	-24.185386657714844	-26.753387451171875	-11.122390747070312	-30.086462020874023	-1.9073486328125e-05	-17.89362144470215	-26.005043029785156	-13.46464729309082	-12.847736358642578	1.0
-7.367208480834961	-13.720099449157715	-0.28366899490356445	-1.4973063468933105	-11.937630653381348	-7.747819900512695	-14.39426040649414	-8.78702163696289	-3.8438642024993896	-7.390501022338867	1.0
-19.04129981994629	-19.087196350097656	-14.877469062805176	-15.746660232543945	-16.833436965942383	-20.333932876586914	-20.24947738647461	-17.616296768188477	-9.5367431640625e-07	-15.6331787109375	1.0
-19.108293533325195	-23.806678771972656	0.0	-19.596702575683594	-25.059341430664062	-28.294809341430664	-28.670000076293945	-18.521684646606445	-17.146568298339844	-22.306249618530273	1.0
-21.633331298828125	-27.89898681640625	-18.553752899169922	-13.842741966247559	-30.418718338012695	-19.378206253051758	-22.811813354492188	-25.357423782348633	0.0	-19.515552520751953	1.0
-19.593673706054688	-22.316696166992188	-29.6732177734375	-10.900225639343262	-20.7816219329834	-0.0009021759033203125	-15.017486572265625	-19.771007537841797	-7.031791687011719	-18.508129119873047	1.0
-15.569019317626953	-15.034151077270508	-5.859862804412842	-14.0358247756958	-23.182987213134766	-21.509138107299805	-27.829410552978516	-0.0028581619262695312	-14.68943977355957	-13.64905834197998	1.0
-25.420879364013672	-27.627864837646484	-21.646577835083008	-19.95516586303711	-28.564210891723633	-23.500640869140625	-21.672101974487305	-28.617692947387695	0.0	-22.188390731811523	1.0
-14.722904205322266	-11.066822052001953	-19.60008430480957	-13.457388877868652	-16.04238510131836	-10.418301582336426	-8.822508811950684	-18.54340362548828	-0.000194549560546875	-18.636089324951172	1.0
-11.021322250366211	-11.421760559082031	-5.535331726074219	-5.671562671661377	-11.924097061157227	-16.79996681213379	-16.816556930541992	-0.011167049407958984	-5.971736907958984	-6.782134532928467	1.0
-32.86918258666992	-26.233673095703125	-20.21435546875	-3.0517578125e-05	-26.976123809814453	-18.882509231567383	-27.972152709960938	-27.098651885986328	-10.404866218566895	-24.287723541259766	1.0
-24.744281768798828	-29.589632034301758	-21.053895950317383	-15.788444519042969	-32.34002685546875	-21.9202880859375	-27.994577407836914	-29.246049880981445	0.0	-18.43004608154297	1.0
-16.941259384155273	-19.619382858276367	-20.365015029907227	-23.607688903808594	-13.931198120117188	-13.531490325927734	-2.86102294921875e-06	-30.908435821533203	-14.428550720214844	-23.458003997802734	1.0
-16.981786727905273	-22.70160484313965	-7.05718994140625e-05	-14.628189086914062	-24.30806541442871	-25.548107147216797	-21.27351951599121	-14.706196784973145	-9.569507598876953	-25.257732391357422	1.0
-16.31137466430664	-14.63156509399414	-2.47955322265625e-05	-11.61436653137207	-30.690893173217773	-26.476512908935547	-26.83487319946289	-11.864256858825684	-11.723931312561035	-26.214630126953125	1.0
-13.507676124572754	-16.2718505859375	-14.849319458007812	-19.424198150634766	-8.957314491271973	-12.269662857055664	-0.0001373291015625	-25.188081741333008	-13.32590103149414	-20.996091842651367	1.0
-14.624038696289062	-15.791772842407227	-10.450754165649414	-7.367695331573486	-20.95885467529297	-16.472518920898438	-28.548179626464844	-0.0006685256958007812	-14.139484405517578	-11.997664451599121	1.0
-18.96056365966797	-11.579482078552246	-17.82563018798828	-10.332561492919922	-7.779574394226074	-10.395185470581055	-28.056442260742188	-8.25590991973877	-11.544129371643066	-0.0007600784301757812	1.0
-25.236774444580078	-28.391094207763672	-24.839336395263672	-17.291933059692383	-10.016254425048828	-17.185606002807617	-31.10516357421875	-17.54122543334961	-14.946324348449707	-4.482269287109375e-05	1.0
-19.8350887298584	-0.0001697540283203125	-16.270240783691406	-21.635093688964844	-11.95862102508545	-20.959884643554688	-14.257577896118164	-10.996028900146484	-8.8314847946167	-22.015649795532227	1.0
-12.11720085144043	-18.62302589416504	-16.090978622436523	-14.388729095458984	-22.943832397460938	-15.889344215393066	-12.65064811706543	-19.547218322753906	-9.5367431640625e-06	-15.606908798217773	1.0
-25.485733032226562	-19.448657989501953	-1.9073486328125e-06	-19.844091415405273	-25.624034881591797	-34.72190856933594	-25.247276306152344	-22.15250015258789	-12.752616882324219	-28.720626831054688	1.0
-30.313995361328125	-36.3190803527832	-40.418235778808594	-15.720123291015625	-38.733848571777344	0.0	-33.55413818359375	-28.858121871948242	-22.32070541381836	-20.50991439819336	1.0
-33.32124328613281	-27.083948135375977	-32.08399200439453	-34.882240295410156	0.0	-25.419614791870117	-24.833093643188477	-24.034008026123047	-15.499871253967285	-22.342437744140625	1.0
-27.88669204711914	-32.874900817871094	-35.08547592163086	-14.344999313354492	-29.129507064819336	0.0	-24.41145133972168	-29.918914794921875	-17.26474952697754	-16.297452926635742	1.0
-10.359515190124512	-0.5650315284729004	-2.895336389541626	-5.591519355773926	-13.769949913024902	-14.289809226989746	-16.920970916748047	-1.2383346557617188	-2.5194950103759766	-6.097923755645752	1.0
-31.275707244873047	-25.570384979248047	-24.085460662841797	0.0	-29.8961181640625	-18.463489532470703	-35.085819244384766	-25.37550163269043	-20.176061630249023	-17.969417572021484	1.0
-18.73102378845215	-12.201529502868652	-0.0003414154052734375	-8.282386779785156	-18.735248565673828	-21.717248916625977	-22.49034881591797	-12.535858154296875	-9.431564331054688	-17.88475799560547	1.0
-16.278627395629883	-2.956390380859375e-05	-15.589558601379395	-18.43213653564453	-12.065345764160156	-17.077802658081055	-16.54905128479004	-13.489465713500977	-10.72976303100586	-18.175113677978516	1.0
-8.218011856079102	-0.05839252471923828	-10.994909286499023	-9.312411308288574	-3.6854045391082764	-10.271127700805664	-9.846368789672852	-9.409366607666016	-3.542785882949829	-6.140235900878906	1.0
-26.697589874267578	-34.42255401611328	-22.196535110473633	-20.017709732055664	-35.54313659667969	-27.617942810058594	-33.042232513427734	-24.82414436340332	0.0	-23.215370178222656	1.0
-18.468103408813477	-23.986989974975586	-23.446901321411133	-7.088498115539551	-29.50737762451172	-0.0008544921875	-25.863174438476562	-18.77481460571289	-14.475069999694824	-10.878923416137695	1.0
-24.382991790771484	-30.822662353515625	-23.112224578857422	-16.964126586914062	-7.738903045654297	-20.36249542236328	-24.515729904174805	-18.785133361816406	-7.618011474609375	-0.0009279251098632812	1.0
-26.61553382873535	-18.874019622802734	-23.679344177246094	-26.38141632080078	0.0	-20.02880859375	-24.22707748413086	-16.91271209716797	-14.585895538330078	-16.234142303466797	1.0
-18.90258026123047	-10.91429328918457	-0.00044345855712890625	-8.796860694885254	-12.358664512634277	-18.83760643005371	-16.760608673095703	-16.65801429748535	-8.217961311340332	-18.76978302001953	1.0
-17.76268768310547	-20.253374099731445	-20.876728057861328	-17.03202247619629	-12.543578147888184	-7.752718925476074	-0.00045108795166015625	-28.292564392089844	-10.915109634399414	-21.240455627441406	1.0
-18.4959774017334	-15.2646484375	-2.574920654296875e-05	-13.022878646850586	-26.45523452758789	-28.145185470581055	-15.929680824279785	-18.307788848876953	-10.656925201416016	-30.658720016479492	1.0
0.0	-25.900562286376953	-23.269689559936523	-28.177778244018555	-32.765220642089844	-27.458538055419922	-16.683115005493164	-25.074115753173828	-24.757244110107422	-21.540857315063477	1.0
-17.539642333984375	-1.71661376953125e-05	-13.989990234375	-21.794513702392578	-11.095102310180664	-20.641633987426758	-18.577205657958984	-14.017486572265625	-14.639357566833496	-18.544878005981445	1.0
-3.814697265625e-06	-24.709056854248047	-19.210893630981445	-29.78049659729004	-34.42430114746094	-26.343944549560547	-12.443761825561523	-27.609893798828125	-19.01883888244629	-20.26044273376465	1.0
-34.941650390625	-18.652015686035156	0.0	-19.213329315185547	-29.960054397583008	-39.75315856933594	-32.57233810424805	-24.175804138183594	-17.544166564941406	-34.44549560546875	1.0
-12.647603988647461	-19.074670791625977	-10.94600772857666	-11.258569717407227	-12.194415092468262	-13.597518920898438	-15.359567642211914	-16.24818992614746	-0.00170135498046875	-6.401352882385254	1.0
-23.568546295166016	-21.677440643310547	-13.892013549804688	-19.40777587890625	-22.63755989074707	-20.119338989257812	-35.15291213989258	-1.9073486328125e-06	-23.020761489868164	-13.505682945251465	1.0
-22.74274444580078	-17.172449111938477	0.0	-16.734895706176758	-21.918270111083984	-33.32325744628906	-27.605361938476562	-21.504539489746094	-15.690174102783203	-24.65238380432129	1.0
-4.76837158203125e-06	-23.92265510559082	-13.368234634399414	-22.718643188476562	-22.794429779052734	-25.47183609008789	-14.956891059875488	-19.6030330657959	-13.135540008544922	-14.48886775970459	1.0
-17.911760330200195	-30.319435119628906	-33.34661102294922	-30.01700782775879	-26.743152618408203	-18.68850326538086	0.0	-33.83442687988281	-20.330984115600586	-29.567628860473633	1.0
-12.57591724395752	-13.836836814880371	-9.890533447265625	-10.171212196350098	-19.76903533935547	-16.378110885620117	-25.34320068359375	-0.00012683868408203125	-13.531147003173828	-10.33784294128418	1.0
-21.568462371826172	-19.224302291870117	-20.672685623168945	-13.872021675109863	-7.544277667999268	-11.680608749389648	-20.07591438293457	-13.07226276397705	-8.670748710632324	-0.0007123947143554688	1.0
-19.01038360595703	-20.268447875976562	-8.732657432556152	-7.579029083251953	-21.647048950195312	-22.701602935791016	-23.875186920166016	-0.0006809234619140625	-11.652547836303711	-18.329256057739258	1.0
-25.31528091430664	-25.298847198486328	-13.295401573181152	-10.370061874389648	-25.758272171020508	-15.263190269470215	-18.20884132385254	-19.80670166015625	-3.337860107421875e-05	-21.69710350036621	1.0
-14.246503829956055	-18.19171905517578	-17.01873779296875	-13.314645767211914	-15.672340393066406	-14.082536697387695	-24.68915557861328	-1.049041748046875e-05	-13.83749008178711	-11.928098678588867	1.0
-33.40888595581055	-26.032981872558594	-28.87584114074707	-31.837976455688477	-3.814697265625e-06	-23.477575302124023	-31.709047317504883	-24.35993003845215	-16.791296005249023	-12.712638854980469	1.0
-9.209375381469727	-13.783226013183594	-15.547491073608398	-10.272767066955566	-12.966659545898438	-3.3940377235412598	-0.03549003601074219	-17.606014251708984	-6.762927055358887	-14.436206817626953	1.0
-14.159610748291016	-17.181995391845703	-14.261842727661133	-6.391105651855469	-7.207888126373291	-7.833385467529297	-19.284404754638672	-0.009372711181640625	-6.650413513183594	-5.2551116943359375	1.0
-24.01119613647461	-19.132354736328125	-18.738285064697266	-22.43912696838379	-1.239776611328125e-05	-17.00001335144043	-21.816829681396484	-20.15949821472168	-15.720192909240723	-11.327414512634277	1.0
-22.581995010375977	-21.798316955566406	-20.582244873046875	-27.577289581298828	0.0	-23.879091262817383	-21.685508728027344	-22.038984298706055	-23.190828323364258	-14.154353141784668	1.0
-27.77729034423828	-37.26186752319336	-23.394432067871094	-24.567426681518555	-29.48723602294922	-26.720226287841797	-31.018962860107422	-30.341060638427734	0.0	-23.2755126953125	1.0
-6.5467071533203125	-14.06890869140625	-12.842829704284668	-6.463201522827148	-10.81611156463623	-0.0030536651611328125	-11.232882499694824	-15.019868850708008	-14.707916259765625	-10.969425201416016	1.0
-23.14434814453125	-20.74614143371582	-14.697355270385742	-17.300174713134766	-25.134212493896484	-24.229263305664062	-19.05054473876953	-24.090721130371094	0.0	-22.3651180267334	1.0
-27.67806053161621	-18.911224365234375	-26.945289611816406	-26.15700340270996	0.0	-20.83979606628418	-22.59505271911621	-18.355079650878906	-15.309428215026855	-17.916479110717773	1.0
-16.394554138183594	-13.920221328735352	-9.95307445526123	-9.484098434448242	-14.08854866027832	-16.76457977294922	-25.128339767456055	-0.0001392364501953125	-11.842352867126465	-11.947090148925781	1.0
-17.847126007080078	-11.941916465759277	-0.025865554809570312	-9.788993835449219	-28.21821403503418	-27.816268920898438	-22.472389221191406	-15.466124534606934	-3.67020320892334	-16.56605339050293	1.0
-19.520275115966797	-8.392333984375e-05	-13.01630973815918	-16.350492477416992	-10.31626033782959	-17.418596267700195	-14.19804573059082	-14.881082534790039	-9.970636367797852	-13.800463676452637	1.0
-23.96929168701172	-33.624244689941406	-28.438316345214844	-13.632524490356445	-24.764619827270508	-0.000919342041015625	-17.15218734741211	-27.43743133544922	-12.631043434143066	-6.997426986694336	1.0
-19.658729553222656	-17.199024200439453	-7.131872653961182	-4.2220563888549805	-13.391718864440918	-20.066665649414062	-19.856168746948242	-0.028577804565429688	-4.36609411239624	-12.572803497314453	1.0
-16.248559951782227	-19.470294952392578	-20.634750366210938	-19.071340560913086	-18.294239044189453	-10.387947082519531	-21.844749450683594	-6.771087646484375e-05	-16.995819091796875	-10.201614379882812	1.0
-14.607257843017578	-11.964371681213379	-3.274367332458496	-6.42547607421875	-24.236839294433594	-22.548282623291016	-25.0062255859375	-0.040668487548828125	-7.863088607788086	-13.764484405517578	1.0
-27.455698013305664	-30.854623794555664	-25.18075942993164	-22.76096534729004	-25.908002853393555	-24.459915161132812	-25.090810775756836	-29.975479125976562	0.0	-21.195560455322266	1.0
-37.591468811035156	-26.03654670715332	-26.18910789489746	0.0	-33.070255279541016	-19.974796295166016	-34.5874137878418	-28.18236541748047	-18.126203536987305	-23.492979049682617	1.0
-21.25889778137207	-15.718526840209961	-18.931547164916992	-15.843969345092773	-12.937255859375	-18.50038719177246	-1.239776611328125e-05	-29.507740020751953	-11.57281494140625	-24.06283950805664	1.0
-29.31719970703125	-26.527992248535156	-28.209293365478516	-29.808731079101562	0.0	-28.683212280273438	-24.938583374023438	-25.169557571411133	-21.348011016845703	-22.09004783630371	1.0
-18.48965072631836	-20.229263305664062	-10.09541130065918	-16.579730987548828	-24.754764556884766	-21.910985946655273	-34.305782318115234	-4.1961669921875e-05	-18.100444793701172	-14.305927276611328	1.0
-19.42265510559082	-23.45395278930664	-5.7220458984375e-06	-18.69156837463379	-25.58057975769043	-32.361167907714844	-27.40056800842285	-19.4124698638916	-12.143808364868164	-21.796194076538086	1.0
-14.984407424926758	-0.003452301025390625	-14.028963088989258	-9.734747886657715	-6.8989667892456055	-13.76749038696289	-10.685077667236328	-12.289188385009766	-6.0678606033325195	-10.322513580322266	1.0
-26.09884262084961	-18.087600708007812	-22.47473907470703	-25.461097717285156	-12.258874893188477	-17.592817306518555	-17.805103302001953	-22.203750610351562	-3.814697265625e-06	-28.28903579711914	1.0
-21.13605499267578	-20.312213897705078	-23.2215633392334	-13.296426773071289	-19.607105255126953	-2.86102294921875e-06	-15.545623779296875	-21.929569244384766	-13.457786560058594	-18.172786712646484	1.0
-23.145435333251953	-16.726207733154297	0.0	-20.154708862304688	-16.963024139404297	-27.205577850341797	-19.73000717163086	-22.387752532958984	-17.334522247314453	-29.469852447509766	1.0
-13.23130989074707	-0.00070953369140625	-7.672016143798828	-18.24953269958496	-8.426383972167969	-19.12523651123047	-19.430185317993164	-12.14540958404541	-10.9879150390625	-15.541155815124512	1.0
-20.886646270751953	-19.108718872070312	-19.85478973388672	-14.081828117370605	-8.971832275390625	-13.067386627197266	-30.31768226623535	-12.629334449768066	-13.913262367248535	-0.000133514404296875	1.0
-17.59075164794922	-8.073254585266113	-10.849395751953125	-12.61474323272705	-11.379504203796387	-17.072553634643555	-23.011272430419922	-0.0004730224609375	-8.998435974121094	-12.577287673950195	1.0
-38.00950622558594	-32.474281311035156	-31.444915771484375	0.0	-40.58536911010742	-24.929386138916016	-40.58355712890625	-25.777851104736328	-22.508974075317383	-22.223556518554688	1.0
-37.660369873046875	-27.746456146240234	-25.007244110107422	0.0	-32.5390625	-21.686565399169922	-35.33143997192383	-24.868328094482422	-14.656664848327637	-24.707902908325195	1.0
-15.151171684265137	-24.051542282104492	-23.519086837768555	-25.317354202270508	-11.580179214477539	-20.723054885864258	-9.5367431640625e-06	-31.066612243652344	-19.71878433227539	-21.019367218017578	1.0
-13.701704978942871	-4.100799560546875e-05	-13.606908798217773	-14.7642183303833	-13.247954368591309	-16.26494598388672	-15.994253158569336	-13.51474666595459	-10.2543306350708	-17.930198669433594	1.0
-18.226844787597656	-24.73843002319336	-25.377405166625977	-28.07451629638672	-12.400262832641602	-15.626941680908203	-3.814697265625e-06	-31.019805908203125	-17.64333724975586	-22.761993408203125	1.0
-7.09053897857666	-0.03644514083862305	-10.67208480834961	-15.420379638671875	-11.29741096496582	-15.045098304748535	-8.562884330749512	-13.640071868896484	-3.360229015350342	-15.197420120239258	1.0
-31.636882781982422	-25.196685791015625	-22.701078414916992	-27.175655364990234	0.0	-25.228483200073242	-23.53136444091797	-28.43427085876465	-15.657783508300781	-17.339370727539062	1.0
-14.671546936035156	-12.764904022216797	-12.971552848815918	-13.61776351928711	-6.550267219543457	-12.759968757629395	-21.769577026367188	-0.0015459060668945312	-9.238961219787598	-11.717887878417969	1.0
-1.9073486328125e-06	-23.34568214416504	-16.851806640625	-25.317485809326172	-26.684600830078125	-19.84253692626953	-15.495352745056152	-17.560649871826172	-13.255107879638672	-15.283748626708984	1.0
-15.185885429382324	-25.684467315673828	-30.466814041137695	-26.581512451171875	-18.888919830322266	-14.386641502380371	0.0	-29.777851104736328	-17.726640701293945	-26.527507781982422	1.0
-25.242658615112305	-27.945087432861328	-30.51915740966797	-16.226335525512695	-16.723236083984375	-0.00011444091796875	-20.10057258605957	-24.25630760192871	-16.01068878173828	-9.075518608093262	1.0
-18.818435668945312	-18.631216049194336	-9.542485237121582	-6.808222770690918	-21.235549926757812	-19.953060150146484	-24.80744171142578	-15.826286315917969	-0.0011892318725585938	-11.365245819091797	1.0
-13.073503494262695	-11.951601028442383	-10.648492813110352	-10.702455520629883	-15.308822631835938	-14.587886810302734	-25.96038055419922	-8.58306884765625e-05	-13.936573028564453	-10.433394432067871	1.0
-17.725479125976562	-14.516071319580078	-13.579297065734863	-15.975606918334961	-18.6214656829834	-17.825237274169922	-28.177457809448242	-1.9073486328125e-06	-15.264689445495605	-15.703689575195312	1.0
-0.5691184997558594	-11.497637748718262	-12.788383483886719	-25.110794067382812	-10.43674087524414	-16.770782470703125	-0.8348674774169922	-19.136268615722656	-13.499922752380371	-16.313474655151367	1.0
-14.38839054107666	-9.900707244873047	-6.644983768463135	-6.2519755363464355	-16.127885818481445	-19.19264030456543	-22.228595733642578	-0.0043182373046875	-8.498098373413086	-7.098123073577881	1.0
-0.0002727508544921875	-17.841960906982422	-16.56875991821289	-14.849889755249023	-23.549819946289062	-17.81491470336914	-11.90030574798584	-21.52883529663086	-8.25006103515625	-12.364380836486816	1.0
-30.552425384521484	-33.513092041015625	-16.001583099365234	-14.654836654663086	-32.696075439453125	-30.30548095703125	-37.919044494628906	-22.34506607055664	0.0	-19.58422088623047	1.0
-19.384546279907227	-27.980865478515625	-21.91050148010254	-13.847402572631836	-34.28351593017578	-17.50732421875	-23.564420700073242	-25.473360061645508	0.0	-23.061161041259766	1.0
-18.56280517578125	-22.964521408081055	-24.31170654296875	-25.75934600830078	-16.313034057617188	-16.02000617980957	0.0	-25.355695724487305	-18.150434494018555	-27.4738826751709	1.0
-30.430999755859375	-30.008617401123047	-21.579172134399414	-20.37958526611328	-24.11526870727539	-27.45355224609375	-30.735641479492188	-27.006580352783203	0.0	-16.688302993774414	1.0
-13.746478080749512	-16.55406951904297	-12.261750221252441	-11.787721633911133	-13.276114463806152	-13.224925994873047	-2.09808349609375e-05	-21.955801010131836	-12.39585018157959	-20.42780113220215	1.0
-14.42803955078125	-16.04546356201172	-13.765490531921387	-11.107378005981445	-9.656760215759277	-10.752320289611816	-16.401756286621094	-12.610893249511719	-0.010504722595214844	-4.571281433105469	1.0
-9.5367431640625e-07	-21.01234245300293	-14.403779029846191	-25.747020721435547	-20.70001220703125	-23.44073486328125	-15.23139476776123	-24.107952117919922	-17.595172882080078	-20.39103126525879	1.0
-15.792909622192383	-16.451589584350586	-15.920517921447754	-3.0253610610961914	-12.41590404510498	-3.338749408721924	-20.72121810913086	-18.387306213378906	-3.4328041076660156	-0.12366294860839844	1.0
-22.430675506591797	-15.794586181640625	-23.426651000976562	-14.39819622039795	-5.496048927307129	-13.958894729614258	-30.048330307006836	-13.078886985778809	-19.341869354248047	-0.004115104675292969	1.0
-20.287578582763672	-15.213191032409668	-15.298173904418945	-11.921235084533691	-19.270931243896484	-19.186681747436523	-31.009756088256836	-7.62939453125e-06	-15.034997940063477	-14.39826488494873	1.0
-26.541919708251953	-21.728824615478516	-22.94329833984375	-20.413402557373047	-22.253124237060547	-18.998960494995117	-19.092300415039062	-25.3382511138916	0.0	-20.7456111907959	1.0
-28.203327178955078	-24.90456771850586	-25.93865394592285	-27.782390594482422	0.0	-24.45722198486328	-21.819570541381836	-19.897384643554688	-15.757818222045898	-18.5305118560791	1.0
-35.777687072753906	-38.05744934082031	-43.763362884521484	-23.04515838623047	-34.065494537353516	0.0	-30.00859832763672	-36.41447448730469	-22.188674926757812	-17.194095611572266	1.0
-28.88780403137207	-26.971324920654297	-23.5530948638916	0.0	-28.4681339263916	-18.75377655029297	-25.96011734008789	-22.47974395751953	-16.265243530273438	-22.044710159301758	1.0
-20.338409423828125	-22.414630889892578	-23.045896530151367	-14.142903327941895	-8.569160461425781	-13.851011276245117	-30.299999237060547	-9.649272918701172	-10.96191120147705	-0.00027370452880859375	1.0
-17.256837844848633	-18.496015548706055	-14.944592475891113	-11.907641410827637	-14.376821517944336	-10.817151069641113	-29.247337341308594	-0.0027589797973632812	-15.690727233886719	-5.904613494873047	1.0
-13.437093734741211	-24.33197021484375	-18.428091049194336	-13.340383529663086	-23.17743682861328	-14.18613338470459	-20.191699981689453	-17.080812454223633	-4.76837158203125e-06	-13.516764640808105	1.0
-14.581705093383789	-0.0258026123046875	-11.86555290222168	-19.49333953857422	-14.416585922241211	-21.241714477539062	-8.430331230163574	-15.705599784851074	-3.6790690422058105	-23.686996459960938	1.0
-25.322200775146484	-15.086691856384277	0.0	-25.148040771484375	-27.225177764892578	-34.92716979980469	-18.29763412475586	-34.735008239746094	-18.208311080932617	-34.39852523803711	1.0
-27.002304077148438	-9.645410537719727	-6.4849853515625e-05	-19.34178352355957	-23.593910217285156	-34.109222412109375	-23.980417251586914	-26.761337280273438	-19.454511642456055	-33.133209228515625	1.0
-32.30522918701172	-28.351085662841797	-38.70994567871094	-14.48933219909668	-37.36846923828125	0.0	-26.832612991333008	-28.025737762451172	-21.307191848754883	-24.004457473754883	1.0
-26.09269142150879	-26.616233825683594	-25.871898651123047	-34.401519775390625	0.0	-30.470060348510742	-23.000463485717773	-24.927104949951172	-17.125822067260742	-24.892454147338867	1.0
-27.261295318603516	-24.462398529052734	0.0	-24.439138412475586	-25.449186325073242	-37.460365295410156	-30.688358306884766	-26.356121063232422	-15.606704711914062	-29.990880966186523	1.0
-23.550838470458984	-27.397418975830078	-22.916675567626953	-15.492399215698242	-12.2069091796875	-14.445714950561523	-28.96306610107422	-14.075128555297852	-14.291322708129883	-6.67572021484375e-06	1.0
-24.590335845947266	-22.709293365478516	-1.9073486328125e-06	-14.467120170593262	-18.62162208557129	-29.790283203125	-28.847705841064453	-27.690940856933594	-13.212986946105957	-19.622882843017578	1.0
-25.32065200805664	-18.173377990722656	-20.422775268554688	-18.037200927734375	-5.101080894470215	-13.102676391601562	-27.406108856201172	-15.74010181427002	-15.54002571105957	-0.00611114501953125	1.0
-18.35171127319336	-18.17829704284668	-16.051895141601562	-8.377779960632324	-6.1284942626953125	-9.802823066711426	-21.652000427246094	-10.228362083435059	-1.3003511428833008	-0.32149696350097656	1.0
-12.511781692504883	-0.000293731689453125	-12.649787902832031	-17.169567108154297	-13.675763130187988	-17.691980361938477	-16.62920379638672	-12.674771308898926	-8.170706748962402	-16.66278076171875	1.0
-16.858978271484375	-0.00017070770263671875	-14.85205078125	-14.571515083312988	-9.078496932983398	-16.167449951171875	-15.569815635681152	-11.538737297058105	-10.846214294433594	-10.54124641418457	1.0
-17.95452880859375	-15.100261688232422	-16.7736873626709	-11.318306922912598	-11.345304489135742	-12.187934875488281	-14.017134666442871	-14.53042984008789	-7.2479248046875e-05	-10.080074310302734	1.0
-19.425331115722656	-25.814483642578125	-26.5379638671875	-23.025209426879883	-17.972448348999023	-16.141021728515625	0.0	-33.716896057128906	-15.706289291381836	-23.089344024658203	1.0
-4.959475994110107	-15.301525115966797	-10.02029800415039	-11.154816627502441	-11.840987205505371	-17.95050621032715	-12.02216911315918	-7.827970504760742	-6.807068824768066	-0.008629798889160156	1.0
-28.870155334472656	-33.243255615234375	-32.43954086303711	-16.725492477416992	-23.481876373291016	-1.9073486328125e-06	-23.906103134155273	-25.370590209960938	-14.889050483703613	-13.042804718017578	1.0
-14.903717041015625	-7.978312015533447	-11.691312789916992	-7.576556205749512	-17.64336395263672	-15.772157669067383	-24.773128509521484	-0.0018033981323242188	-7.046271324157715	-9.614762306213379	1.0
-12.960590362548828	-22.29399871826172	-15.64156436920166	-10.46324348449707	-12.127683639526367	-15.238788604736328	-17.84270477294922	-11.90973949432373	-6.584051132202148	-0.00142669677734375	1.0
-33.626617431640625	-31.115142822265625	-29.424057006835938	0.0	-36.6126708984375	-17.3546142578125	-35.358299255371094	-28.331993103027344	-13.909636497497559	-18.25848388671875	1.0
-23.75204086303711	-26.51782989501953	-28.552288055419922	-20.283723831176758	-19.31201171875	-0.00045299530029296875	-16.61566734313965	-12.366004943847656	-7.710567474365234	-15.658385276794434	1.0
-16.552640914916992	-15.977659225463867	-13.939990043640137	-10.789533615112305	-2.790329933166504	-14.606481552124023	-16.881624221801758	-12.934088706970215	-6.699782848358154	-0.06470584869384766	1.0
-24.60775375366211	-7.992409706115723	-0.07245826721191406	-4.515560150146484	-16.280078887939453	-19.661998748779297	-18.09552764892578	-11.173013687133789	-2.836918830871582	-17.101367950439453	1.0
-31.84832191467285	-28.33120346069336	-26.706279754638672	-7.62939453125e-06	-34.8073844909668	-20.758363723754883	-37.94047546386719	-25.873260498046875	-11.885793685913086	-20.016511917114258	1.0
-19.11779022216797	-18.531970977783203	-13.402629852294922	-8.58306884765625e-06	-26.093711853027344	-13.899870872497559	-27.885700225830078	-19.232677459716797	-16.04832649230957	-12.074472427368164	1.0
-35.9993782043457	-37.8998908996582	-39.401702880859375	-21.619382858276367	-32.75360107421875	0.0	-27.35429573059082	-36.196067810058594	-19.135929107666016	-17.615890502929688	1.0
-14.054290771484375	-0.00028896331787109375	-16.417552947998047	-16.03449249267578	-9.933981895446777	-12.682199478149414	-8.899466514587402	-13.557724952697754	-9.231513023376465	-15.01949691772461	1.0
-20.580781936645508	-25.810089111328125	-27.31528091430664	-25.336381912231445	-19.546724319458008	-16.903793334960938	0.0	-35.99722671508789	-19.174001693725586	-28.503543853759766	1.0
-35.07583999633789	-27.324316024780273	-26.496749877929688	-5.7220458984375e-06	-36.02249526977539	-22.04100227355957	-32.85236740112305	-28.638017654418945	-11.917415618896484	-21.58852767944336	1.0
-19.57131576538086	-24.74949836730957	-17.1350154876709	-17.29051399230957	-19.265737533569336	-18.91558265686035	-17.309627532958984	-22.205923080444336	0.0	-14.518438339233398	1.0
-13.292119979858398	-18.37762451171875	-10.71080207824707	-7.355979919433594	-6.43285608291626	-10.324186325073242	-14.638994216918945	-15.349529266357422	-7.0721893310546875	-0.0031576156616210938	1.0
-17.988088607788086	-31.796342849731445	-19.774829864501953	-20.17850685119629	-22.910621643066406	-17.610353469848633	-21.82181167602539	-27.123676300048828	0.0	-16.24712562561035	1.0
0.0	-29.086143493652344	-18.30402946472168	-31.851974487304688	-31.2690486907959	-31.21834945678711	-17.76051902770996	-28.269699096679688	-22.1673583984375	-18.341081619262695	1.0
-29.247690200805664	-34.07073211669922	-36.72818374633789	-24.298723220825195	-19.048934936523438	0.0	-16.790367126464844	-31.830707550048828	-15.304152488708496	-20.79351806640625	1.0
